candidate_id,source_id,module_id,grade,subject,subdomain,screen_id,activity_id,record_key,pair_method,candidate_bucket,en_record_text,ne_record_text,en_sentence_index,ne_sentence_index,en_text,ne_text
EPAATH_grade5__math__fractions_candidate_00001,EPAATH_grade5__math__fractions,grade5/math/fractions,5,math,mathematics,overview,lesson/chapter,lesson/chapter,exact_record_key,high_exact_single_sentence,Fraction,भिन्न,1,1,Fraction,भिन्न
EPAATH_grade5__math__fractions_candidate_00002,EPAATH_grade5__math__fractions,grade5/math/fractions,5,math,mathematics,overview,lesson/levelname,lesson/levelname,exact_record_key,high_exact_single_sentence,Level 1,तह १,1,1,Level 1,तह १
EPAATH_grade5__math__fractions_candidate_00003,EPAATH_grade5__math__fractions,grade5/math/fractions,5,math,mathematics,overview,lesson/objective/description/purpose,lesson/objective/description/purpose,exact_record_key,high_exact_single_sentence,To multiply a whole number with a fraction and convert the product to mixed fraction,पूर्ण सङ्ख्यालाई भिन्नसँग गुणन गर्न र गुणनफललाई मिश्रित भिन्नमा परिणत गर्न,1,1,To multiply a whole number with a fraction and convert the product to mixed fraction,पूर्ण सङ्ख्यालाई भिन्नसँग गुणन गर्न र गुणनफललाई मिश्रित भिन्नमा परिणत गर्न
EPAATH_grade5__math__fractions_candidate_00004,EPAATH_grade5__math__fractions,grade5/math/fractions,5,math,mathematics,overview,lesson/objective/description/purpose[2],lesson/objective/description/purpose[2],exact_record_key,high_exact_single_sentence,To multiply any two proper fractions,कुनै दुई उपयुक्त भिन्नहरूको गुणन गर्न,1,1,To multiply any two proper fractions,कुनै दुई उपयुक्त भिन्नहरूको गुणन गर्न
EPAATH_grade5__math__fractions_candidate_00005,EPAATH_grade5__math__fractions,grade5/math/fractions,5,math,mathematics,overview,lesson/objective/title,lesson/objective/title,exact_record_key,high_exact_single_sentence,Objective:,उदेश्य:,1,1,Objective:,उदेश्य:
EPAATH_grade5__math__fractions_candidate_00006,EPAATH_grade5__math__fractions,grade5/math/fractions,5,math,mathematics,overview,lesson/subject,lesson/subject,exact_record_key,high_exact_single_sentence,Maths,गणित,1,1,Maths,गणित
EPAATH_grade5__math__fractions_candidate_00007,EPAATH_grade5__math__fractions,grade5/math/fractions,5,math,mathematics,overview,lesson/topic,lesson/topic,exact_record_key,high_exact_single_sentence,Arithmetics-EN,अंक गणित-ने,1,1,Arithmetics-EN,अंक गणित-ने
EPAATH_grade5__math__fractions_candidate_00008,EPAATH_grade5__math__fractions,grade5/math/fractions,5,math,mathematics,exercise,format1,strings/string#id=format1,exact_record_key,high_exact_single_sentence,Product = a x :: b _/_ c ;; =,गुणनफल = a x :: b _/_ c ;; =,1,1,Product = a x :: b _/_ c ;; =,गुणनफल = a x :: b _/_ c ;; =
EPAATH_grade5__math__fractions_candidate_00009,EPAATH_grade5__math__fractions,grade5/math/fractions,5,math,mathematics,exercise,format2,strings/string#id=format2,exact_record_key,high_exact_single_sentence,Product = :: a _/_ b ;; x :: c _/_ d ;; =,गुणनफल = :: a _/_ b ;; x :: c _/_ d ;; =,1,1,Product = :: a _/_ b ;; x :: c _/_ d ;; =,गुणनफल = :: a _/_ b ;; x :: c _/_ d ;; =
EPAATH_grade5__math__fractions_candidate_00010,EPAATH_grade5__math__fractions,grade5/math/fractions,5,math,mathematics,exercise,hint,strings/string#id=hint,exact_record_key,high_exact_single_sentence,"Hint: ::
 a ×
 b _/_
 c ;;","सुझाव: ::
 a ×
 b _/_
 c ;;",1,1,"Hint: ::
 a ×
 b _/_
 c ;;","सुझाव: ::
 a ×
 b _/_
 c ;;"
EPAATH_grade5__math__fractions_candidate_00011,EPAATH_grade5__math__fractions,grade5/math/fractions,5,math,mathematics,global,next_1,strings/string#id=next_1,exact_record_key,low_shared_text,Go to the next page,Go to the next page,1,1,Go to the next page,Go to the next page
EPAATH_grade5__math__fractions_candidate_00012,EPAATH_grade5__math__fractions,grade5/math/fractions,5,math,mathematics,global,next_2,strings/string#id=next_2,exact_record_key,low_shared_text,Go to another section,Go to another section,1,1,Go to another section,Go to another section
EPAATH_grade5__math__fractions_candidate_00013,EPAATH_grade5__math__fractions,grade5/math/fractions,5,math,mathematics,page1,p1text1,strings/string#id=p1text1,exact_record_key,high_exact_single_sentence,How many sweets are here?,यहाँ कतिओटा मिठाईहरू छन्?,1,1,How many sweets are here?,यहाँ कतिओटा मिठाईहरू छन्?
EPAATH_grade5__math__fractions_candidate_00014,EPAATH_grade5__math__fractions,grade5/math/fractions,5,math,mathematics,page1,p1text10,strings/string#id=p1text10,exact_record_key,low_shared_text,::5_/_3;; = ::#3@ + 2_/_#3@;; = ::#3@_/_#3@;; + ::2_/_#3@;;,::5_/_3;; = ::#3@ + 2_/_#3@;; = ::#3@_/_#3@;; + ::2_/_#3@;;,1,1,::5_/_3;; = ::#3@ + 2_/_#3@;; = ::#3@_/_#3@;; + ::2_/_#3@;;,::5_/_3;; = ::#3@ + 2_/_#3@;; = ::#3@_/_#3@;; + ::2_/_#3@;;
EPAATH_grade5__math__fractions_candidate_00015,EPAATH_grade5__math__fractions,grade5/math/fractions,5,math,mathematics,page1,p1text11,strings/string#id=p1text11,exact_record_key,low_shared_text,::5_/_3;; = ::3 + 2_/_3;; = ::#3@_/_#3@;; + ::2_/_#3@;; = #1@ + ::2_/_#3@;;,::5_/_3;; = ::3 + 2_/_3;; = ::#3@_/_#3@;; + ::2_/_#3@;; = #1@ + ::2_/_#3@;;,1,1,::5_/_3;; = ::3 + 2_/_3;; = ::#3@_/_#3@;; + ::2_/_#3@;; = #1@ + ::2_/_#3@;;,::5_/_3;; = ::3 + 2_/_3;; = ::#3@_/_#3@;; + ::2_/_#3@;; = #1@ + ::2_/_#3@;;
EPAATH_grade5__math__fractions_candidate_00016,EPAATH_grade5__math__fractions,grade5/math/fractions,5,math,mathematics,page1,p1text12,strings/string#id=p1text12,exact_record_key,low_shared_text,::5_/_3;; = ::3 + 2_/_3;; = ::3_/_3;; + ::2_/_3;; = #1@ + ::2_/_#3@;; = #1@::2_/_#3@;;,::5_/_3;; = ::3 + 2_/_3;; = ::3_/_3;; + ::2_/_3;; = #1@ + ::2_/_#3@;; = #1@::2_/_#3@;;,1,1,::5_/_3;; = ::3 + 2_/_3;; = ::3_/_3;; + ::2_/_3;; = #1@ + ::2_/_#3@;; = #1@::2_/_#3@;;,::5_/_3;; = ::3 + 2_/_3;; = ::3_/_3;; + ::2_/_3;; = #1@ + ::2_/_#3@;; = #1@::2_/_#3@;;
EPAATH_grade5__math__fractions_candidate_00017,EPAATH_grade5__math__fractions,grade5/math/fractions,5,math,mathematics,page1,p1text13,strings/string#id=p1text13,exact_record_key,high_exact_single_sentence,::5_/_3;; also means 5 ÷ 3:,::5_/_3;; अथवा 5 ÷ 3:,1,1,::5_/_3;; also means 5 ÷ 3:,::5_/_3;; अथवा 5 ÷ 3:
EPAATH_grade5__math__fractions_candidate_00018,EPAATH_grade5__math__fractions,grade5/math/fractions,5,math,mathematics,page1,p1text14,strings/string#id=p1text14,exact_record_key,high_exact_single_sentence,Let us multiply ::1_/_3;; with 14.,अब हामी 14 लाई ::1_/_3;; सँग गुणन गरी हेरौँ।,1,1,Let us multiply ::1_/_3;; with 14.,अब हामी 14 लाई ::1_/_3;; सँग गुणन गरी हेरौँ।
EPAATH_grade5__math__fractions_candidate_00019,EPAATH_grade5__math__fractions,grade5/math/fractions,5,math,mathematics,page1,p1text15,strings/string#id=p1text15,exact_record_key,low_shared_text,14 × ::1_/_3;; = ::1 × 14_/_3;; = ::14_/_3;; = ::3 + 3 + 3 + 3 + 2_/_3;; =,14 × ::1_/_3;; = ::1 × 14_/_3;; = ::14_/_3;; = ::3 + 3 + 3 + 3 + 2_/_3;; =,1,1,14 × ::1_/_3;; = ::1 × 14_/_3;; = ::14_/_3;; = ::3 + 3 + 3 + 3 + 2_/_3;; =,14 × ::1_/_3;; = ::1 × 14_/_3;; = ::14_/_3;; = ::3 + 3 + 3 + 3 + 2_/_3;; =
EPAATH_grade5__math__fractions_candidate_00020,EPAATH_grade5__math__fractions,grade5/math/fractions,5,math,mathematics,page1,p1text16,strings/string#id=p1text16,exact_record_key,low_shared_text,::5_/_3;;,::5_/_3;;,1,1,::5_/_3;;,::5_/_3;;
EPAATH_grade5__math__fractions_candidate_00021,EPAATH_grade5__math__fractions,grade5/math/fractions,5,math,mathematics,page1,p1text2,strings/string#id=p1text2,exact_record_key,high_exact_single_sentence,Let us find half of 18 or the result of multiplying ::1_/_2;; with 18.,अब हामी 18 को आधा #अथवा@ 18 लाई ::1_/_2;; सँग गुणन गर्दा कति हुँदो रहेछ #हेरौँ@।,1,1,Let us find half of 18 or the result of multiplying ::1_/_2;; with 18.,अब हामी 18 को आधा #अथवा@ 18 लाई ::1_/_2;; सँग गुणन गर्दा कति हुँदो रहेछ #हेरौँ@।
EPAATH_grade5__math__fractions_candidate_00022,EPAATH_grade5__math__fractions,grade5/math/fractions,5,math,mathematics,page1,p1text3,strings/string#id=p1text3,exact_record_key,low_shared_text,18 × ::1_/_2;; = ::1 × 18_/_2;; = ::18_/_2;; =,18 × ::1_/_2;; = ::1 × 18_/_2;; = ::18_/_2;; =,1,1,18 × ::1_/_2;; = ::1 × 18_/_2;; = ::18_/_2;; =,18 × ::1_/_2;; = ::1 × 18_/_2;; = ::18_/_2;; =
EPAATH_grade5__math__fractions_candidate_00023,EPAATH_grade5__math__fractions,grade5/math/fractions,5,math,mathematics,page1,p1text4,strings/string#id=p1text4,exact_record_key,high_exact_single_sentence,"Now, let us find one third of 18 or the result of multiplying ::1_/_3;; with 18.",अब हामी 18 को एक तिहाइ अथवा 18 लाई ::1_/_3;; सँग गुणन गर्दा कति हुँदो रहेछ हेरौँ।,1,1,"Now, let us find one third of 18 or the result of multiplying ::1_/_3;; with 18.",अब हामी 18 को एक तिहाइ अथवा 18 लाई ::1_/_3;; सँग गुणन गर्दा कति हुँदो रहेछ हेरौँ।
EPAATH_grade5__math__fractions_candidate_00024,EPAATH_grade5__math__fractions,grade5/math/fractions,5,math,mathematics,page1,p1text5,strings/string#id=p1text5,exact_record_key,low_shared_text,18 × ::1_/_3;; = ::1 × 18_/_3;; = ::18_/_3;; =,18 × ::1_/_3;; = ::1 × 18_/_3;; = ::18_/_3;; =,1,1,18 × ::1_/_3;; = ::1 × 18_/_3;; = ::18_/_3;; =,18 × ::1_/_3;; = ::1 × 18_/_3;; = ::18_/_3;; =
EPAATH_grade5__math__fractions_candidate_00025,EPAATH_grade5__math__fractions,grade5/math/fractions,5,math,mathematics,page1,p1text6,strings/string#id=p1text6,exact_record_key,high_exact_single_sentence,Multiplying a fraction with a whole number means multiplying the whole number with the numerator keeping denominator the same.,भिन्नलाई पूर्ण सङ्ख्याले गुणन गर्दा पूर्ण सङ्ख्याले भिन्नको अंशलाई गुणन गरी हरलाई उही राख्नुपर्छ।,1,1,Multiplying a fraction with a whole number means multiplying the whole number with the numerator keeping denominator the same.,भिन्नलाई पूर्ण सङ्ख्याले गुणन गर्दा पूर्ण सङ्ख्याले भिन्नको अंशलाई गुणन गरी हरलाई उही राख्नुपर्छ।
EPAATH_grade5__math__fractions_candidate_00026,EPAATH_grade5__math__fractions,grade5/math/fractions,5,math,mathematics,page1,p1text7,strings/string#id=p1text7,exact_record_key,low_shared_text,5 × ::1_/_3;; = ::5 × 1_/_3;; = ::5_/_3;;,5 × ::1_/_3;; = ::5 × 1_/_3;; = ::5_/_3;;,1,1,5 × ::1_/_3;; = ::5 × 1_/_3;; = ::5_/_3;;,5 × ::1_/_3;; = ::5 × 1_/_3;; = ::5_/_3;;
EPAATH_grade5__math__fractions_candidate_00027,EPAATH_grade5__math__fractions,grade5/math/fractions,5,math,mathematics,page1,p1text8,strings/string#id=p1text8,exact_record_key,high_exact_single_sentence,"If the result is improper, then it should be converted into mixed fraction.",यसरी आउने भिन्न अनुपयुक्त भिन्न भए सो भिन्नलाई मिश्रित सङ्ख्यामा व्यक्त गर्नुपर्छ।,1,1,"If the result is improper, then it should be converted into mixed fraction.",यसरी आउने भिन्न अनुपयुक्त भिन्न भए सो भिन्नलाई मिश्रित सङ्ख्यामा व्यक्त गर्नुपर्छ।
EPAATH_grade5__math__fractions_candidate_00028,EPAATH_grade5__math__fractions,grade5/math/fractions,5,math,mathematics,page1,p1text9,strings/string#id=p1text9,exact_record_key,low_shared_text,::5_/_#3@;; = ::#3@ + 2_/_#3@;;,::5_/_#3@;; = ::#3@ + 2_/_#3@;;,1,1,::5_/_#3@;; = ::#3@ + 2_/_#3@;;,::5_/_#3@;; = ::#3@ + 2_/_#3@;;
EPAATH_grade5__math__fractions_candidate_00029,EPAATH_grade5__math__fractions,grade5/math/fractions,5,math,mathematics,page2,p2text1,strings/string#id=p2text1,exact_record_key,high_exact_single_sentence,Enter a natural number:,प्राकृतिक सङ्ख्या राख:,1,1,Enter a natural number:,प्राकृतिक सङ्ख्या राख:
EPAATH_grade5__math__fractions_candidate_00030,EPAATH_grade5__math__fractions,grade5/math/fractions,5,math,mathematics,page2,p2text2,strings/string#id=p2text2,exact_record_key,high_exact_single_sentence,Enter a proper fraction:,उपयुक्त भिन्न राख,1,1,Enter a proper fraction:,उपयुक्त भिन्न राख
EPAATH_grade5__math__fractions_candidate_00031,EPAATH_grade5__math__fractions,grade5/math/fractions,5,math,mathematics,page2,p2text3,strings/string#id=p2text3,exact_record_key,high_exact_single_sentence,Product = a x :: b _/_ c ;; =,गुणनफल = a x :: b _/_ c ;; =,1,1,Product = a x :: b _/_ c ;; =,गुणनफल = a x :: b _/_ c ;; =
EPAATH_grade5__math__fractions_candidate_00032,EPAATH_grade5__math__fractions,grade5/math/fractions,5,math,mathematics,page2,p2text4,strings/string#id=p2text4,exact_record_key,high_exact_single_sentence,Product = a x :: b _/_ c ;; = ::# b @_/_# c @;; =,गुणनफल = a x :: b _/_ c ;; = ::# b @_/_# c @;; =,1,1,Product = a x :: b _/_ c ;; = ::# b @_/_# c @;; =,गुणनफल = a x :: b _/_ c ;; = ::# b @_/_# c @;; =
EPAATH_grade5__math__fractions_candidate_00033,EPAATH_grade5__math__fractions,grade5/math/fractions,5,math,mathematics,page2,p2text5,strings/string#id=p2text5,exact_record_key,low_shared_text,:: a × b _/_ c ;;,:: a × b _/_ c ;;,1,1,:: a × b _/_ c ;;,:: a × b _/_ c ;;
EPAATH_grade5__math__fractions_candidate_00034,EPAATH_grade5__math__fractions,grade5/math/fractions,5,math,mathematics,page2,p2text6,strings/string#id=p2text6,exact_record_key,low_shared_text,f # ) e ( @ x,f # ) e ( @ x,1,1,f # ) e ( @ x,f # ) e ( @ x
EPAATH_grade5__math__fractions_candidate_00035,EPAATH_grade5__math__fractions,grade5/math/fractions,5,math,mathematics,page2,p2text7,strings/string#id=p2text7,exact_record_key,low_shared_text,::- z _/_ y ;;,::- z _/_ y ;;,1,1,::- z _/_ y ;;,::- z _/_ y ;;
EPAATH_grade5__math__fractions_candidate_00036,EPAATH_grade5__math__fractions,grade5/math/fractions,5,math,mathematics,page2,p2text8,strings/string#id=p2text8,exact_record_key,high_exact_single_sentence,numerator must be less than denominator,अंशभन्दा हर ठुलो हुनुपर्छ,1,1,numerator must be less than denominator,अंशभन्दा हर ठुलो हुनुपर्छ
EPAATH_grade5__math__fractions_candidate_00037,EPAATH_grade5__math__fractions,grade5/math/fractions,5,math,mathematics,page3,p3text1,strings/string#id=p3text1,exact_record_key,high_exact_single_sentence,Multiplying a fraction with another fraction means multiplying the numerator with the numerator and denominator with the denominator.,भिन्नहरूको गुणन गर्दा हरले हरलाई र अंशले अंशलाई गुणन गर्नुपर्छ।,1,1,Multiplying a fraction with another fraction means multiplying the numerator with the numerator and denominator with the denominator.,भिन्नहरूको गुणन गर्दा हरले हरलाई र अंशले अंशलाई गुणन गर्नुपर्छ।
EPAATH_grade5__math__fractions_candidate_00038,EPAATH_grade5__math__fractions,grade5/math/fractions,5,math,mathematics,page3,p3text2,strings/string#id=p3text2,exact_record_key,low_shared_text,::2_/_3;; × ::1_/_5;; = ::2 × 1_/_3 × 5;; = ::2_/_15;;,::2_/_3;; × ::1_/_5;; = ::2 × 1_/_3 × 5;; = ::2_/_15;;,1,1,::2_/_3;; × ::1_/_5;; = ::2 × 1_/_3 × 5;; = ::2_/_15;;,::2_/_3;; × ::1_/_5;; = ::2 × 1_/_3 × 5;; = ::2_/_15;;
EPAATH_grade5__math__fractions_candidate_00039,EPAATH_grade5__math__fractions,grade5/math/fractions,5,math,mathematics,page3,p3text3,strings/string#id=p3text3,exact_record_key,high_exact_single_sentence,Enter two proper fractions you want to multiply:,गुणन गर्ने दुई ओटा उपयुक्त भिन्न राख:,1,1,Enter two proper fractions you want to multiply:,गुणन गर्ने दुई ओटा उपयुक्त भिन्न राख:
EPAATH_grade5__math__fractions_candidate_00040,EPAATH_grade5__math__fractions,grade5/math/fractions,5,math,mathematics,page3,p3text4,strings/string#id=p3text4,exact_record_key,high_exact_single_sentence,Choose a numerator which is less than the denominator.,हरभन्दा अंश सानो छान।,1,1,Choose a numerator which is less than the denominator.,हरभन्दा अंश सानो छान।
EPAATH_grade5__math__fractions_candidate_00041,EPAATH_grade5__math__fractions,grade5/math/fractions,5,math,mathematics,page3,p3text5,strings/string#id=p3text5,exact_record_key,low_shared_text,::2_/_3;; × ::1_/_5;; =,::2_/_3;; × ::1_/_5;; =,1,1,::2_/_3;; × ::1_/_5;; =,::2_/_3;; × ::1_/_5;; =
EPAATH_grade5__math__fractions_candidate_00042,EPAATH_grade5__math__fractions,grade5/math/fractions,5,math,mathematics,page3,p3text6,strings/string#id=p3text6,exact_record_key,low_shared_text,::2_/_3;; × ::1_/_5;; =,::2_/_3;; × ::1_/_5;; =,1,1,::2_/_3;; × ::1_/_5;; =,::2_/_3;; × ::1_/_5;; =
EPAATH_grade5__math__fractions_candidate_00043,EPAATH_grade5__math__fractions,grade5/math/fractions,5,math,mathematics,exercise,p6_heading,strings/string#id=p6_heading,exact_record_key,low_shared_text,Under Construction,Under Construction,1,1,Under Construction,Under Construction
EPAATH_grade5__math__fractions_candidate_00044,EPAATH_grade5__math__fractions,grade5/math/fractions,5,math,mathematics,global,pctext1,strings/string#id=pctext1,exact_record_key,medium_global_ui,Check,जाँच,1,1,Check,जाँच
EPAATH_grade5__math__fractions_candidate_00045,EPAATH_grade5__math__fractions,grade5/math/fractions,5,math,mathematics,page2,pctext2,strings/string#id=pctext2,exact_record_key,high_exact_single_sentence,Submit,पेश गर,1,1,Submit,पेश गर
EPAATH_grade5__math__fractions_candidate_00046,EPAATH_grade5__math__fractions,grade5/math/fractions,5,math,mathematics,page3,pctext3,strings/string#id=pctext3,exact_record_key,high_exact_single_sentence,Multiply,गुणन,1,1,Multiply,गुणन
EPAATH_grade5__math__fractions_candidate_00047,EPAATH_grade5__math__fractions,grade5/math/fractions,5,math,mathematics,global,pdiy,strings/string#id=pdiy,exact_record_key,medium_global_ui,Do It Yourself,आफैँँ गर,1,1,Do It Yourself,आफैँँ गर
EPAATH_grade5__math__fractions_candidate_00048,EPAATH_grade5__math__fractions,grade5/math/fractions,5,math,mathematics,page2,phint,strings/string#id=phint,exact_record_key,high_exact_single_sentence,Hint:,सुझाव:,1,1,Hint:,सुझाव:
EPAATH_grade5__math__fractions_candidate_00049,EPAATH_grade5__math__fractions,grade5/math/fractions,5,math,mathematics,global,predo,strings/string#id=predo,exact_record_key,medium_global_ui,Play again,फेरी खेल,1,1,Play again,फेरी खेल
EPAATH_grade5__math__fractions_candidate_00050,EPAATH_grade5__math__fractions,grade5/math/fractions,5,math,mathematics,exercise,ques1,strings/string#id=ques1,exact_record_key,high_exact_single_sentence,Enter the product of the following multiplication:,तल उल्लेखित गुणनको गुणनफल राख:,1,1,Enter the product of the following multiplication:,तल उल्लेखित गुणनको गुणनफल राख:
EPAATH_grade5__math__fractions_candidate_00051,EPAATH_grade5__math__fractions,grade5/math/fractions,5,math,mathematics,global,title1,strings/string#id=title1,exact_record_key,medium_global_ui,Fractions,भिन्न,1,1,Fractions,भिन्न
